{
    "lumi": 36.1,
    "yields": {
        "2mu2e": [7.95706, 0.2926057, 1.1205216],
        "4e": [4.48462, 0.241686, 0.789469],
        "4mu": [3.78732, 0.159662, 0.884825]
    }
}
